고유번호,지번주소,도로명주소,거래유형,보증금,월세,매매가,연면적,대지면적,매물명,건물용도,지상층수,지하층수,주차대수,준공일,매물특징,상세설명,공인중개사,이미지수,URL,수집일시
003,서울특별시 강남구 청담동 112-15,서울특별시 강남구 청담동 도산대로99길 52,월세,3억원,"2,250만원",,486.09㎡ (147.04평),196.50㎡ (59.44평),상가건물,제2종 근린생활시설,4,-1,4,20101119,"청담,통건물,공실,즉입주,엔터뷰티상권,주차5대,갤러리엔터 밀집","☑️해당 매물은 담당자가 현장답사 한 실매물입니다☑️
허위 X
📞직접 뛰는 부동산 02-6369-1460
📞믿고 맡겨 주세요 02-6369-1460

📌매물 정보
- 소재지 : 서울시 강남구 청담동 112-15
- 금액 : 보증금 3억원 / 월세 2,250만원
- 관리비 : 자체관리
- 임대형태 : 건물 전체 통임대
- 현황 : 공실 (빠른 입주 가능)
- 상권 : 엔터·뷰티·갤러리 밀집 지역
- 주차 : 5대 가능
- 화장실 : 남녀 공용

📌매물 특징
- 청담 핵심 상권, 브랜드 노출 효과 우수
- 통건물 사용으로 기업 아이덴티티 구축 최적
- 현재 공실, 즉시 입주 가능
- 월세 대비 경쟁력 있는 통임대 조건
- 주차 5대 확보, 방문객 동선 편리
- 쇼룸·엔터사·뷰티기업·갤러리 활용 적합
- 감각적인 사옥·플래그십 매장 추천

-----------------------------------------------------------------

강남구 건물·사옥 임대는
강남 현수막 최다 보유, JDC 부동산중개법인에 편하게 문의 주세요.
사옥 임대 전문 담당자가 조건에 맞는 최적의 공간을 찾아드립니다.

▶ 문의 : 02-6369-1460
▶ 주소 : 서울시 강남구 도산대로 30길 7, 1~2층
▶ 유튜브 채널 : 빌딩로그
👉 youtube.com/@buildinglog",주식회사 제이디씨부동산중개법인,17,https://fin.land.naver.com/articles/2608517465,2026-02-25 21:52
004,서울특별시 강남구 청담동 79-4,서울특별시 강남구 청담동 선릉로162길 25,월세,"4억 5,000만원","3,500만원",,458.44㎡ (138.68평),172.80㎡ (52.27평),빌딩,제2종 근린생활시설,5,-1,3,20250225,"통임대자판기 압구정로데오역3분, 지상5층지하1층 신축건물 통임대","🏦통임대 부동산자판기🏦
⭐손님이 스스로 결정하는 중개수수료!!
⭐중개수수료는 500원부터~ 마음대로!!

www.통임대자판기.com
직통상담번호: 📞 010-7518-8292 / 02-3445-4982
⭐매물관리번호: 27180 

📌(통임대 건물)만을 전문으로 중개합니다.
📌빌딩/사옥/단독주택형사무실 통임대. (매매 X, 각층별임대 X)
📌매매 의뢰는 받지않습니다. 매매 전문업체를 이용해주시면 감사하겠습니다.
📌중개수수료는 500원~0.9% 사이에서 손님이 마음대로 (직접) 결정하실 수 있습니다.
(안주셔도 열심히 합니다. 저희가 열심히 했다고 생각되시는 만큼 주세요.)
📌단, 공동중개물건의 경우에는 0.3~0.9% 사이에서 정하실 수 있습니다.
*위 내용은 부동산 물건을 구하시는 임차인측에 해당하는 사항이며 부동산 물건을 내놓으시는 경우에는 법정수수료에 해당하는 중개수수료를 청구하고 있습니다.
-----------------------------------------------------------------------

✅️수인분당선 압구정로데오역 3분, 초역세권
✅️엘리베이터있음
✅️무료주차 3대

-----------------------------------------------------------------------

★통임대부동산자판기 공인중개사사무소★
★ 서건희 부장 / 소속공인중개사 ★
★ 연락처 : 010-7518-8292 / 02-3445-4982 ★

매물의 층별면적 및 대장상 층별용도 등의 상세정보는
아래 홈페이지에서 매물관리번호 검색으로 확인 가능합니다.

⭐매물관리번호 : 27180 
www.통임대자판기.com",통임대 부동산자판기 공인중개사사무소,26,https://fin.land.naver.com/articles/2605436366,2026-02-25 21:53
005,서울특별시 강남구 청담동 19-35,서울특별시 강남구 청담동 선릉로148길 52-12,월세,"2억 5,000만원","2,000만원",,765.93㎡ (231.69평),200.60㎡ (60.68평),빌딩,제1종 근린생활시설,5,-3,5,20171219,청담동 차움병원 뒤편 코너 접한 2017년 신축빌딩,"원빌딩부동산중개㈜ ☎ 02-512-5992

▶ 빌딩업계 최다매물 보유 원빌딩 입니다.

▶ 25년간 축적된 노하우를 여러분께 선보이겠습니다.

▶ 매물분석, 대출, 법률검토, 세무검토 등 전문적인 서비스를 제공합니다.

------------------------------------------------------

★매물설명★ 

- 지상층만 통임대 1층~5층 + 옥탑층 
- 차움병원 뒤편 코너 접한 2017년 신축빌딩
- 층고 높고 내외관 매우 우수함
- 공부상 임대 면적 132평 / 내부 서비스 면적 15평 추가 사용가능
- 지하 1개층 추가 사용 가능 및 협의조건
- 권장업종 헤어샵,스튜디오,엔터사

------------------------------------------------------

▶ 업계 최고 경력, 업계 최다 매물 정보를 보유하고 있는 부동산중개 회사
  
▶ 매매부터 관리까지, 신뢰와 다양성을 기반한 부동산중개 회사

▶ 100%실매물 실가격을 원칙으로 허위/과장매물 없는 믿을수 있는 부동산중개 회사
 
▶ 즉시 매매 가능한 물건 수 26,898건이 있습니다.
 
▶ 문의해주시면 고객님이 원하시는 매물에 대해서 자세하게 소개해드리겠습니다.

▶ 내방하시면 더욱 다양한 매물을 볼 수 있습니다.

원빌딩부동산중개㈜ ☎ 02-512-5992",원빌딩부동산중개(주),18,https://fin.land.naver.com/articles/2605517110,2026-02-25 21:53
006,서울특별시 강남구 청담동 44-18,서울특별시 강남구 청담동 학동로63길 4-1,월세,4억원,"3,100만원",,729.48㎡ (220.67평),253.40㎡ (76.65평),빌딩,제2종 근린생활시설,6,-2,5,20070404,"통임대자판기 강남구청역 4분, 지상6층지하2층 단독건물","🏦통임대 부동산자판기🏦
⭐손님이 스스로 결정하는 중개수수료!!
⭐중개수수료는 500원부터~ 마음대로!!

www.통임대자판기.com
직통상담번호: 📞 010-7518-8292 / 02-3445-4982
⭐매물관리번호 : 22278

📌(통임대 건물)만을 전문으로 중개합니다.
📌빌딩/사옥/단독주택형사무실 통임대. (매매 X, 각층별임대 X)
📌매매 의뢰는 받지않습니다. 매매 전문업체를 이용해주시면 감사하겠습니다.
📌중개수수료는 500원~0.9% 사이에서 손님이 마음대로 (직접) 결정하실 수 있습니다.
(안주셔도 열심히 합니다. 저희가 열심히 했다고 생각되시는 만큼 주세요.)
📌단, 공동중개물건의 경우에는 0.3~0.9% 사이에서 정하실 수 있습니다.
*위 내용은 부동산 물건을 구하시는 임차인측에 해당하는 사항이며 부동산 물건을 내놓으시는 경우에는 법정수수료에 해당하는 중개수수료를 청구하고 있습니다.

-----------------------------------------------------------------------

✅️지상6층~지하2층 단독건물 통임대
✅️7호선/수인분당선 강남구청역 도보 4분, 역세권
✅️7호선 청담역 도보 7분, 역세권
✅️천장형냉난방시스템
✅️엘리베이터있음
✅️무료주차 5대
✅️관리비 자체관리
✅️협의입주가능

-----------------------------------------------------------------------

★통임대부동산자판기 공인중개사사무소★
★ 서건희 부장 / 소속공인중개사 ★
★ 연락처 : 010-7518-8292 / 02-3445-4982 ★

매물의 층별면적 및 대장상 층별용도 등의 상세정보는
아래 홈페이지에서 매물관리번호 검색으로 확인 가능합니다.

⭐매물관리번호 : 22278
www.통임대자판기.com",통임대 부동산자판기 공인중개사사무소,28,https://fin.land.naver.com/articles/2610086988,2026-02-25 21:54
007,서울특별시 강남구 청담동 62-9,서울특별시 강남구 청담동 도산대로92길 32,월세,3억원,"2,300만원",,492.14㎡ (148.87평),160.40㎡ (48.52평),상가건물,제2종 근린생활시설,6,-1,3,20230302,"청담동 코너 소형사옥 채광끝판왕,통임대,입주협의,무료주차4대옥상","✨✨해당 매물은 담당자가 직접 현장답사한 실매물입니다✨✨
📞담당자 번호 : 02-518-6890

통임대 사옥만 전문으로 진행한 풍부한 경험으로
최적의 조건으로 안내드리겠습니다.
원하시는 조건 말씀주시면 빠르게 자료 전달드립니다.
임대조건 협의 가능하니 편하게 문의주세요 😊

-----------------------------------------------------------------
🔥청담동 통임대 사옥🔥 코너·채광·주차4대·옥상까지 완벽

📌매물 정보
-소재지 : 서울시 강남구 청담동 62-9
-금액 : 보증금 3억 / 월세 2,300만원
-관리방법 : 자체관리
-연면적 : 전용 약 149평
-층 : 지하1층 ~ 지상6층
-용도 : 업무용 사옥 통임대
-주차 : 4대 무료

📌놓치면 안 되는 이유
-청담동 희소 코너 소형 사옥 통임대
-채광 우수해 낮에도 조명 필요 없는 구조
-각 층 내부 화장실, 탕비실 완비
-라인조명 시공으로 깔끔한 인테리어
-옥상 사용 가능, 직원 휴식공간 활용도 높음
-현재 임차인 업무중, 입주일 협의 가능
-----------------------------------------------------------------

강남구 건물 임대는 강남구에서 현수막이 제일 많은 
JDC 부동산 중개법인에 편하게 문의주세요.
사옥 임대 전문가가 최적의 공간을 찾아 드리겠습니다.

▶ 문의: 02-518-6890
▶ 주소: 서울시 강남구 도산대로 30길 7, 1~2층
▶ 유튜브 채널: 빌딩로그: youtube.com/@buildinglog",주식회사 제이디씨부동산중개법인,34,https://fin.land.naver.com/articles/2607864868,2026-02-25 21:55
008,서울특별시 강남구 청담동 57-6,서울특별시 강남구 청담동 도산대로98길 15,월세,4억원,"3,200만원",,653.30㎡ (197.62평),258.20㎡ (78.11평),빌딩,제2종 근린생활시설,4,-1,4,19960725,"통임대자판기 청담역 10분, 지상4층지하1층 리모델링건물 통임대","🏦통임대 부동산자판기🏦
⭐손님이 스스로 결정하는 중개수수료!!
⭐중개수수료는 500원부터~ 마음대로!!

www.통임대자판기.com
직통상담번호: 📞02-515-4985
⭐매물관리번호: 27791 

📌(통임대 건물)만을 전문으로 중개합니다.
📌빌딩/사옥/단독주택형사무실 통임대. (매매 X, 각층별임대 X)
📌매매 의뢰는 받지않습니다. 매매 전문업체를 이용해주시면 감사하겠습니다.
📌중개수수료는 500원~0.9% 사이에서 손님이 마음대로 (직접) 결정하실 수 있습니다.
(안주셔도 열심히 합니다. 저희가 열심히 했다고 생각되시는 만큼 주세요.)
📌단, 공동중개물건의 경우에는 0.3~0.9% 사이에서 정하실 수 있습니다.
*위 내용은 부동산 물건을 구하시는 임차인측에 해당하는 사항이며 부동산 물건을 내놓으시는 경우에는 법정수수료에 해당하는 중개수수료를 청구하고 있습니다.
-----------------------------------------------------------------------

✅️지상4층~지하1층 리모델링건물 통임대
✅️2025년 5월 리모델링 건물
✅️7호선 청담역 도보 10분, 역세권
✅️무료주차 4대
✅️엘리베이터있음
✅️천장형냉난방시스템
✅️남녀분리화장실
✅️층고 4층 3.9m, 3층 2.7m, 나머지전부 2.5m
✅️관리비 자체관리
✅️즉시입주가능

매물의 층별면적 및 대장상 층별용도 등의 상세정보는
아래 홈페이지에서 매물관리번호 검색으로 확인 가능합니다.

⭐매물관리번호: 27791
www.통임대자판기.com",통임대 부동산자판기 공인중개사사무소,28,https://fin.land.naver.com/articles/2609303004#article-gallery-1,2026-02-25 21:56
009,서울특별시 강남구 청담동 55-3,서울특별시 강남구 청담동 도산대로102길 14-7,월세,4억원,"4,000만원",,861.28㎡ (260.54평),252.90㎡ (76.50평),빌딩,제2종 근린생활시설,5,-2,6,,E EUM 엔터 밀집지역 구조 반듯한 사옥 통임대,"━━━━━━━━━━━━━━━━━  E-um Property  ━━

🥇 강남권-서울권 사옥 사무실 기업이전 NO.1

🥇 정확한 건물 정보 베테랑 이음프로퍼티중개법인

━━━━━━━━━━━━━365일 연중무휴 문의가능━━

직통전화:📞02)-546-4586
직통전화:📞02)-546-4586
직통전화:📞02)-546-4586

━━━━━━━━━━━━━━━━━  KEY POINT  ━━
✔️ 지하2층~지상5층 건물전체 사용조건 통임대입니다.

✔️ 파격적인 조건 협의 및 층별임대 연층임대도 가능합니다!

✔️ 법정주차 6대 외 추가주차 확보되어있습니다

✔️ 미용실-엔터-고급스파 등 다양한 업종 입점 가능합니다
─────────────────────────
🥇 기업이전 어렵게 돌아가지마시고 베테랑에게 맡겨주세요!

🥇 직접 바로 뛰어서 실매물만 광고 하고있습니다!

🥇 서울 전지역 사옥-사무실-기업이전 NO.1 

🥇 렌트프리,임대료 협상의 달인 이음프로퍼티 입니다!",이음프로퍼티부동산중개법인(주),20,https://fin.land.naver.com/articles/2607933281,2026-02-25 21:57
010,서울특별시 강남구 청담동 61-8,서울특별시 강남구 청담동 삼성로140길 15,월세,4억원,"3,500만원",,641.66㎡ (194.10평),186.40㎡ (56.39평),빌딩,제2종 근린생활시설,5,-2,5,20250227,194P 신축첫입주 수려한외관 통임대 1.공동환영 2.쉐어가능,"✅ 네이버에서 통임대만 보는방법 ✅
▶️＜건물+월세＞체크시 전부확인가능
▶️ 전화문의시 강남 통임대 통합안내문 발송

⫸──🟥🟦 리맥스( RE/MAX ) 🟦🟥──⫷
🟥🟦통임대 & 단독사옥 임대 전문기업🟥🟦

❌ 절대로 허위매물로 광고하지 않습니다 ❌
─타지역부동산 공동중개 환영!(%쉐어가능)─
 📞임대담당자 연락처 :  010-3901-3388📞
⫸🟫🟫골든밸류부동산중개법인(주)🟫🟫⫷

📑 매물정보 📑

- 위    치 : 청담역 도보 5분
- 면    적 : 194평(층별면적 안내문참조)
- 구    조 : 지하 2층 ~ 지상 5층
- 주    차 : 총 5대 이상
- 엘리베이터 : 1대
- 입주시기 : 즉시

📌렌트프리&공사기간 최대로 협의해드립니다

🏢 임대담당자 연락처 :  📞 010-3901-3388
🏢 임대담당자 연락처 :  📞 010-3901-3388

⫸🟥🟦골든밸류부동산중개법인(주)🟦🟥⫷
🟥🟦통임대 & 기업이전 임대 전문기업🟥🟦

─타지역부동산 공동중개 환영!(%쉐어가능)─
⫸⫸─🟫🟫 GOLDEN  VALUE 🟫🟫─⫷⫷",(주)골든밸류부동산중개법인,30,https://fin.land.naver.com/articles/2607703332,2026-02-25 21:58
011,서울특별시 강남구 청담동 61-10,서울특별시 강남구 청담동 삼성로140길 19,월세,3억원,"2,500만원",,499.54㎡ (151.11평),181.70㎡ (54.96평),빌딩,제2종 근린생활시설,5,-1,4,20250502,151p l 신축첫입주 l 청담역5분 l 고급내외관 l 코너자리,"⭐2023 KCIA 한국소비자평가 우수업체선정⭐

건물 상가 사무실 전문 공인중개사로서
100％ 현장에서 직접 촬영한 
실 사진만 등록하며
언제나 고객의 입장에서 원하시는 
매물을 찾으실때까지
보유하고 있는 다양한 매물로 상담 해드립니다.



▶▶▶▶▶▶ 매물 상세 설명 ◀◀◀◀◀◀


✅ 위 치 : 강남구 청담동(청담역 역세권)
✅ 실평수 : 151평
✅ 층 수 : 지하1층~5층 통임대 
✅ 승강기 : 있음
✅ 화장실 : 내부 
✅ 주 차 : 자주식주차 총4대 
✅ 특 이 사 항 : 청담역 도보 5~6분거리 코너자리에 있는 *신축건물*입니다.
자세한 사항은 전화문의 주세요.





---------------------------------------------------------------------

⭐2023 KCIA 한국소비자평가 우수업체선정⭐

♦ 건물 상가 사무실 매물 최다 보유 자부!
♦ 신속중개,성실중개,책임중개
♦ 매도/매수/임대/임차 모든 의뢰 받습니다
♦ 원하시는 매물 조건 말씀주시면 
  고객님의 입장에서 
  다양한 매물도 함께 추천드립니다


 ☎☎ 마스터 부동산 010-9984-7229  ☎☎
 ☎☎ 마스터 부동산 010-9984-7229  ☎☎
 ☎☎ 마스터 부동산 010-9984-7229  ☎☎",방배마스터부동산공인중개사사무소,20,https://fin.land.naver.com/articles/2610439561,2026-02-25 21:58